[
{
  "model": "academy.teacher",
  "pk": 1,
  "fields": {
    "teacher_first_name": "Adrian",
    "teacher_last_name": "Smith",
    "seniority": 1
  }
},
{
  "model": "academy.teacher",
  "pk": 2,
  "fields": {
    "teacher_first_name": "Margaret",
    "teacher_last_name": "Green",
    "seniority": 36
  }
},
{
  "model": "academy.teacher",
  "pk": 3,
  "fields": {
    "teacher_first_name": "Paul",
    "teacher_last_name": "Fletcher",
    "seniority": 39
  }
},
{
  "model": "academy.teacher",
  "pk": 4,
  "fields": {
    "teacher_first_name": "Sandra",
    "teacher_last_name": "Williams",
    "seniority": 3
  }
},
{
  "model": "academy.teacher",
  "pk": 5,
  "fields": {
    "teacher_first_name": "Roberto",
    "teacher_last_name": "Moon",
    "seniority": 27
  }
},
{
  "model": "academy.teacher",
  "pk": 6,
  "fields": {
    "teacher_first_name": "Ashley",
    "teacher_last_name": "Hamilton",
    "seniority": 19
  }
},
{
  "model": "academy.teacher",
  "pk": 7,
  "fields": {
    "teacher_first_name": "Marissa",
    "teacher_last_name": "Juarez",
    "seniority": 14
  }
},
{
  "model": "academy.teacher",
  "pk": 8,
  "fields": {
    "teacher_first_name": "Michael",
    "teacher_last_name": "Foster",
    "seniority": 21
  }
},
{
  "model": "academy.teacher",
  "pk": 9,
  "fields": {
    "teacher_first_name": "Antonio",
    "teacher_last_name": "Rodriguez",
    "seniority": 30
  }
},
{
  "model": "academy.teacher",
  "pk": 10,
  "fields": {
    "teacher_first_name": "Carrie",
    "teacher_last_name": "Dennis",
    "seniority": 18
  }
},
{
  "model": "academy.teacher",
  "pk": 11,
  "fields": {
    "teacher_first_name": "Brian",
    "teacher_last_name": "Butler",
    "seniority": 13
  }
},
{
  "model": "academy.teacher",
  "pk": 12,
  "fields": {
    "teacher_first_name": "Matthew",
    "teacher_last_name": "Rogers",
    "seniority": 15
  }
},
{
  "model": "academy.teacher",
  "pk": 13,
  "fields": {
    "teacher_first_name": "Carol",
    "teacher_last_name": "Taylor",
    "seniority": 29
  }
},
{
  "model": "academy.teacher",
  "pk": 14,
  "fields": {
    "teacher_first_name": "Tara",
    "teacher_last_name": "Davis",
    "seniority": 33
  }
},
{
  "model": "academy.teacher",
  "pk": 15,
  "fields": {
    "teacher_first_name": "Jeremy",
    "teacher_last_name": "Hunter",
    "seniority": 22
  }
},
{
  "model": "academy.teacher",
  "pk": 16,
  "fields": {
    "teacher_first_name": "Anthony",
    "teacher_last_name": "Henry",
    "seniority": 15
  }
},
{
  "model": "academy.teacher",
  "pk": 17,
  "fields": {
    "teacher_first_name": "Brittany",
    "teacher_last_name": "Smith",
    "seniority": 23
  }
},
{
  "model": "academy.teacher",
  "pk": 18,
  "fields": {
    "teacher_first_name": "Bethany",
    "teacher_last_name": "Singh",
    "seniority": 1
  }
},
{
  "model": "academy.teacher",
  "pk": 19,
  "fields": {
    "teacher_first_name": "William",
    "teacher_last_name": "Young",
    "seniority": 5
  }
},
{
  "model": "academy.teacher",
  "pk": 20,
  "fields": {
    "teacher_first_name": "Amanda",
    "teacher_last_name": "Johnson",
    "seniority": 23
  }
},
{
  "model": "academy.teacher",
  "pk": 21,
  "fields": {
    "teacher_first_name": "Phillip",
    "teacher_last_name": "Castro",
    "seniority": 4
  }
},
{
  "model": "academy.teacher",
  "pk": 22,
  "fields": {
    "teacher_first_name": "John",
    "teacher_last_name": "Kim",
    "seniority": 33
  }
},
{
  "model": "academy.teacher",
  "pk": 23,
  "fields": {
    "teacher_first_name": "Paul",
    "teacher_last_name": "Baker",
    "seniority": 30
  }
},
{
  "model": "academy.teacher",
  "pk": 24,
  "fields": {
    "teacher_first_name": "Tasha",
    "teacher_last_name": "Myers",
    "seniority": 13
  }
},
{
  "model": "academy.teacher",
  "pk": 25,
  "fields": {
    "teacher_first_name": "Lindsey",
    "teacher_last_name": "Cruz",
    "seniority": 6
  }
},
{
  "model": "academy.teacher",
  "pk": 26,
  "fields": {
    "teacher_first_name": "Andrew",
    "teacher_last_name": "Smith",
    "seniority": 39
  }
},
{
  "model": "academy.teacher",
  "pk": 27,
  "fields": {
    "teacher_first_name": "Kelly",
    "teacher_last_name": "Brown",
    "seniority": 26
  }
},
{
  "model": "academy.teacher",
  "pk": 28,
  "fields": {
    "teacher_first_name": "Sarah",
    "teacher_last_name": "Moore",
    "seniority": 6
  }
},
{
  "model": "academy.teacher",
  "pk": 29,
  "fields": {
    "teacher_first_name": "Heidi",
    "teacher_last_name": "Zimmerman",
    "seniority": 26
  }
},
{
  "model": "academy.teacher",
  "pk": 30,
  "fields": {
    "teacher_first_name": "Kaitlin",
    "teacher_last_name": "Miller",
    "seniority": 37
  }
},
{
  "model": "academy.teacher",
  "pk": 31,
  "fields": {
    "teacher_first_name": "Mark",
    "teacher_last_name": "Santos",
    "seniority": 7
  }
},
{
  "model": "academy.teacher",
  "pk": 32,
  "fields": {
    "teacher_first_name": "Christina",
    "teacher_last_name": "Ramirez",
    "seniority": 38
  }
},
{
  "model": "academy.teacher",
  "pk": 33,
  "fields": {
    "teacher_first_name": "William",
    "teacher_last_name": "Garcia",
    "seniority": 16
  }
},
{
  "model": "academy.teacher",
  "pk": 34,
  "fields": {
    "teacher_first_name": "Travis",
    "teacher_last_name": "Moore",
    "seniority": 6
  }
},
{
  "model": "academy.teacher",
  "pk": 35,
  "fields": {
    "teacher_first_name": "Michael",
    "teacher_last_name": "Taylor",
    "seniority": 11
  }
},
{
  "model": "academy.teacher",
  "pk": 36,
  "fields": {
    "teacher_first_name": "Joshua",
    "teacher_last_name": "Gordon",
    "seniority": 17
  }
},
{
  "model": "academy.teacher",
  "pk": 37,
  "fields": {
    "teacher_first_name": "James",
    "teacher_last_name": "Johnson",
    "seniority": 29
  }
},
{
  "model": "academy.teacher",
  "pk": 38,
  "fields": {
    "teacher_first_name": "Dawn",
    "teacher_last_name": "Turner",
    "seniority": 16
  }
},
{
  "model": "academy.teacher",
  "pk": 39,
  "fields": {
    "teacher_first_name": "Anthony",
    "teacher_last_name": "Payne",
    "seniority": 10
  }
},
{
  "model": "academy.teacher",
  "pk": 40,
  "fields": {
    "teacher_first_name": "Michael",
    "teacher_last_name": "Mills",
    "seniority": 24
  }
},
{
  "model": "academy.teacher",
  "pk": 41,
  "fields": {
    "teacher_first_name": "Mary",
    "teacher_last_name": "Frye",
    "seniority": 17
  }
},
{
  "model": "academy.teacher",
  "pk": 42,
  "fields": {
    "teacher_first_name": "Bryan",
    "teacher_last_name": "Franco",
    "seniority": 37
  }
},
{
  "model": "academy.teacher",
  "pk": 43,
  "fields": {
    "teacher_first_name": "David",
    "teacher_last_name": "Norris",
    "seniority": 37
  }
},
{
  "model": "academy.teacher",
  "pk": 44,
  "fields": {
    "teacher_first_name": "Kaitlyn",
    "teacher_last_name": "Johnston",
    "seniority": 27
  }
},
{
  "model": "academy.teacher",
  "pk": 45,
  "fields": {
    "teacher_first_name": "Samantha",
    "teacher_last_name": "Conway",
    "seniority": 20
  }
},
{
  "model": "academy.teacher",
  "pk": 46,
  "fields": {
    "teacher_first_name": "Philip",
    "teacher_last_name": "Morrow",
    "seniority": 26
  }
},
{
  "model": "academy.teacher",
  "pk": 47,
  "fields": {
    "teacher_first_name": "Tamara",
    "teacher_last_name": "Moore",
    "seniority": 37
  }
},
{
  "model": "academy.teacher",
  "pk": 48,
  "fields": {
    "teacher_first_name": "Matthew",
    "teacher_last_name": "Jones",
    "seniority": 17
  }
},
{
  "model": "academy.teacher",
  "pk": 49,
  "fields": {
    "teacher_first_name": "Jennifer",
    "teacher_last_name": "Lopez",
    "seniority": 22
  }
},
{
  "model": "academy.teacher",
  "pk": 50,
  "fields": {
    "teacher_first_name": "Colleen",
    "teacher_last_name": "Herman",
    "seniority": 31
  }
},
{
  "model": "academy.teacher",
  "pk": 51,
  "fields": {
    "teacher_first_name": "Kimberly",
    "teacher_last_name": "Richardson",
    "seniority": 30
  }
},
{
  "model": "academy.teacher",
  "pk": 52,
  "fields": {
    "teacher_first_name": "Margaret",
    "teacher_last_name": "Carter",
    "seniority": 9
  }
},
{
  "model": "academy.teacher",
  "pk": 53,
  "fields": {
    "teacher_first_name": "Mitchell",
    "teacher_last_name": "Cunningham",
    "seniority": 27
  }
},
{
  "model": "academy.teacher",
  "pk": 54,
  "fields": {
    "teacher_first_name": "Karen",
    "teacher_last_name": "Chung",
    "seniority": 4
  }
},
{
  "model": "academy.teacher",
  "pk": 55,
  "fields": {
    "teacher_first_name": "Stephanie",
    "teacher_last_name": "Thomas",
    "seniority": 10
  }
},
{
  "model": "academy.teacher",
  "pk": 56,
  "fields": {
    "teacher_first_name": "Aimee",
    "teacher_last_name": "Ward",
    "seniority": 21
  }
},
{
  "model": "academy.teacher",
  "pk": 57,
  "fields": {
    "teacher_first_name": "Erica",
    "teacher_last_name": "Farmer",
    "seniority": 8
  }
},
{
  "model": "academy.teacher",
  "pk": 58,
  "fields": {
    "teacher_first_name": "Joshua",
    "teacher_last_name": "Johnson",
    "seniority": 21
  }
},
{
  "model": "academy.teacher",
  "pk": 59,
  "fields": {
    "teacher_first_name": "Cody",
    "teacher_last_name": "Coleman",
    "seniority": 15
  }
},
{
  "model": "academy.teacher",
  "pk": 60,
  "fields": {
    "teacher_first_name": "Kevin",
    "teacher_last_name": "Oconnor",
    "seniority": 27
  }
},
{
  "model": "academy.teacher",
  "pk": 61,
  "fields": {
    "teacher_first_name": "Johnny",
    "teacher_last_name": "Silva",
    "seniority": 18
  }
},
{
  "model": "academy.teacher",
  "pk": 62,
  "fields": {
    "teacher_first_name": "Tony",
    "teacher_last_name": "Rodriguez",
    "seniority": 34
  }
},
{
  "model": "academy.teacher",
  "pk": 63,
  "fields": {
    "teacher_first_name": "Cynthia",
    "teacher_last_name": "Caldwell",
    "seniority": 6
  }
},
{
  "model": "academy.teacher",
  "pk": 64,
  "fields": {
    "teacher_first_name": "Elizabeth",
    "teacher_last_name": "Payne",
    "seniority": 10
  }
},
{
  "model": "academy.teacher",
  "pk": 65,
  "fields": {
    "teacher_first_name": "Mary",
    "teacher_last_name": "Evans",
    "seniority": 2
  }
},
{
  "model": "academy.teacher",
  "pk": 66,
  "fields": {
    "teacher_first_name": "Joanna",
    "teacher_last_name": "Morton",
    "seniority": 22
  }
},
{
  "model": "academy.teacher",
  "pk": 67,
  "fields": {
    "teacher_first_name": "Jessica",
    "teacher_last_name": "Hodges",
    "seniority": 37
  }
},
{
  "model": "academy.teacher",
  "pk": 68,
  "fields": {
    "teacher_first_name": "Catherine",
    "teacher_last_name": "Walker",
    "seniority": 13
  }
},
{
  "model": "academy.teacher",
  "pk": 69,
  "fields": {
    "teacher_first_name": "Tammy",
    "teacher_last_name": "Thomas",
    "seniority": 18
  }
},
{
  "model": "academy.teacher",
  "pk": 70,
  "fields": {
    "teacher_first_name": "Ronald",
    "teacher_last_name": "Davis",
    "seniority": 8
  }
},
{
  "model": "academy.teacher",
  "pk": 71,
  "fields": {
    "teacher_first_name": "Samantha",
    "teacher_last_name": "Gonzales",
    "seniority": 11
  }
},
{
  "model": "academy.teacher",
  "pk": 72,
  "fields": {
    "teacher_first_name": "Mark",
    "teacher_last_name": "Stone",
    "seniority": 11
  }
},
{
  "model": "academy.teacher",
  "pk": 73,
  "fields": {
    "teacher_first_name": "Marissa",
    "teacher_last_name": "Nunez",
    "seniority": 2
  }
},
{
  "model": "academy.teacher",
  "pk": 74,
  "fields": {
    "teacher_first_name": "Jeffrey",
    "teacher_last_name": "Gonzales",
    "seniority": 16
  }
},
{
  "model": "academy.teacher",
  "pk": 75,
  "fields": {
    "teacher_first_name": "Robert",
    "teacher_last_name": "Smith",
    "seniority": 15
  }
},
{
  "model": "academy.teacher",
  "pk": 76,
  "fields": {
    "teacher_first_name": "Jason",
    "teacher_last_name": "May",
    "seniority": 16
  }
},
{
  "model": "academy.teacher",
  "pk": 77,
  "fields": {
    "teacher_first_name": "Trevor",
    "teacher_last_name": "Taylor",
    "seniority": 37
  }
},
{
  "model": "academy.teacher",
  "pk": 78,
  "fields": {
    "teacher_first_name": "Kelly",
    "teacher_last_name": "Franco",
    "seniority": 36
  }
},
{
  "model": "academy.teacher",
  "pk": 79,
  "fields": {
    "teacher_first_name": "Christopher",
    "teacher_last_name": "Hall",
    "seniority": 8
  }
},
{
  "model": "academy.teacher",
  "pk": 80,
  "fields": {
    "teacher_first_name": "Charles",
    "teacher_last_name": "Reynolds",
    "seniority": 9
  }
},
{
  "model": "academy.teacher",
  "pk": 81,
  "fields": {
    "teacher_first_name": "Patricia",
    "teacher_last_name": "Manning",
    "seniority": 1
  }
},
{
  "model": "academy.teacher",
  "pk": 82,
  "fields": {
    "teacher_first_name": "Daniel",
    "teacher_last_name": "Perez",
    "seniority": 2
  }
},
{
  "model": "academy.teacher",
  "pk": 83,
  "fields": {
    "teacher_first_name": "Blake",
    "teacher_last_name": "Murray",
    "seniority": 17
  }
},
{
  "model": "academy.teacher",
  "pk": 84,
  "fields": {
    "teacher_first_name": "Richard",
    "teacher_last_name": "Nguyen",
    "seniority": 40
  }
},
{
  "model": "academy.teacher",
  "pk": 85,
  "fields": {
    "teacher_first_name": "Mark",
    "teacher_last_name": "Hendrix",
    "seniority": 18
  }
},
{
  "model": "academy.teacher",
  "pk": 86,
  "fields": {
    "teacher_first_name": "Matthew",
    "teacher_last_name": "Garcia",
    "seniority": 21
  }
},
{
  "model": "academy.teacher",
  "pk": 87,
  "fields": {
    "teacher_first_name": "Donna",
    "teacher_last_name": "Baxter",
    "seniority": 26
  }
},
{
  "model": "academy.teacher",
  "pk": 88,
  "fields": {
    "teacher_first_name": "Andrew",
    "teacher_last_name": "Miller",
    "seniority": 32
  }
},
{
  "model": "academy.teacher",
  "pk": 89,
  "fields": {
    "teacher_first_name": "Heidi",
    "teacher_last_name": "Shelton",
    "seniority": 30
  }
},
{
  "model": "academy.teacher",
  "pk": 90,
  "fields": {
    "teacher_first_name": "Dana",
    "teacher_last_name": "Hunt",
    "seniority": 40
  }
},
{
  "model": "academy.teacher",
  "pk": 91,
  "fields": {
    "teacher_first_name": "Sarah",
    "teacher_last_name": "Church",
    "seniority": 18
  }
},
{
  "model": "academy.teacher",
  "pk": 92,
  "fields": {
    "teacher_first_name": "Daniel",
    "teacher_last_name": "Gonzalez",
    "seniority": 38
  }
},
{
  "model": "academy.teacher",
  "pk": 93,
  "fields": {
    "teacher_first_name": "Laura",
    "teacher_last_name": "Melendez",
    "seniority": 25
  }
},
{
  "model": "academy.teacher",
  "pk": 94,
  "fields": {
    "teacher_first_name": "Daniel",
    "teacher_last_name": "Silva",
    "seniority": 13
  }
},
{
  "model": "academy.teacher",
  "pk": 95,
  "fields": {
    "teacher_first_name": "Lori",
    "teacher_last_name": "Schmidt",
    "seniority": 14
  }
},
{
  "model": "academy.teacher",
  "pk": 96,
  "fields": {
    "teacher_first_name": "Taylor",
    "teacher_last_name": "Bradford",
    "seniority": 30
  }
},
{
  "model": "academy.teacher",
  "pk": 97,
  "fields": {
    "teacher_first_name": "Carol",
    "teacher_last_name": "Cox",
    "seniority": 7
  }
},
{
  "model": "academy.teacher",
  "pk": 98,
  "fields": {
    "teacher_first_name": "Lori",
    "teacher_last_name": "Hurley",
    "seniority": 5
  }
},
{
  "model": "academy.teacher",
  "pk": 99,
  "fields": {
    "teacher_first_name": "Aaron",
    "teacher_last_name": "Short",
    "seniority": 17
  }
},
{
  "model": "academy.teacher",
  "pk": 100,
  "fields": {
    "teacher_first_name": "Aaron",
    "teacher_last_name": "Lee",
    "seniority": 40
  }
},
{
  "model": "academy.student",
  "pk": 1,
  "fields": {
    "student_first_name": "Natalie",
    "student_last_name": "Sharp",
    "course": 2,
    "teacher": [
      2,
      6,
      23,
      26,
      52
    ]
  }
},
{
  "model": "academy.student",
  "pk": 2,
  "fields": {
    "student_first_name": "Ashley",
    "student_last_name": "Thompson",
    "course": 5,
    "teacher": []
  }
},
{
  "model": "academy.student",
  "pk": 3,
  "fields": {
    "student_first_name": "Chelsea",
    "student_last_name": "Hawkins",
    "course": 1,
    "teacher": []
  }
},
{
  "model": "academy.student",
  "pk": 4,
  "fields": {
    "student_first_name": "April",
    "student_last_name": "Davis",
    "course": 1,
    "teacher": []
  }
},
{
  "model": "academy.student",
  "pk": 5,
  "fields": {
    "student_first_name": "Stephanie",
    "student_last_name": "Jackson",
    "course": 4,
    "teacher": []
  }
},
{
  "model": "academy.student",
  "pk": 6,
  "fields": {
    "student_first_name": "Jason",
    "student_last_name": "Collins",
    "course": 6,
    "teacher": []
  }
},
{
  "model": "academy.student",
  "pk": 7,
  "fields": {
    "student_first_name": "Laurie",
    "student_last_name": "Briggs",
    "course": 5,
    "teacher": []
  }
},
{
  "model": "academy.student",
  "pk": 8,
  "fields": {
    "student_first_name": "Diana",
    "student_last_name": "Hicks",
    "course": 3,
    "teacher": []
  }
},
{
  "model": "academy.student",
  "pk": 9,
  "fields": {
    "student_first_name": "Cynthia",
    "student_last_name": "Watkins",
    "course": 5,
    "teacher": []
  }
},
{
  "model": "academy.student",
  "pk": 10,
  "fields": {
    "student_first_name": "Jerry",
    "student_last_name": "Oconnell",
    "course": 3,
    "teacher": []
  }
},
{
  "model": "academy.student",
  "pk": 11,
  "fields": {
    "student_first_name": "Dawn",
    "student_last_name": "Anderson",
    "course": 2,
    "teacher": []
  }
},
{
  "model": "academy.student",
  "pk": 12,
  "fields": {
    "student_first_name": "Donna",
    "student_last_name": "Mitchell",
    "course": 4,
    "teacher": []
  }
},
{
  "model": "academy.student",
  "pk": 13,
  "fields": {
    "student_first_name": "Alicia",
    "student_last_name": "Brown",
    "course": 5,
    "teacher": []
  }
},
{
  "model": "academy.student",
  "pk": 14,
  "fields": {
    "student_first_name": "William",
    "student_last_name": "Moore",
    "course": 1,
    "teacher": []
  }
},
{
  "model": "academy.student",
  "pk": 15,
  "fields": {
    "student_first_name": "Sophia",
    "student_last_name": "Miller",
    "course": 3,
    "teacher": []
  }
},
{
  "model": "academy.student",
  "pk": 16,
  "fields": {
    "student_first_name": "Victoria",
    "student_last_name": "Phillips",
    "course": 4,
    "teacher": []
  }
},
{
  "model": "academy.student",
  "pk": 17,
  "fields": {
    "student_first_name": "Pamela",
    "student_last_name": "Gonzalez",
    "course": 4,
    "teacher": []
  }
},
{
  "model": "academy.student",
  "pk": 18,
  "fields": {
    "student_first_name": "Jeffrey",
    "student_last_name": "Hammond",
    "course": 1,
    "teacher": []
  }
},
{
  "model": "academy.student",
  "pk": 19,
  "fields": {
    "student_first_name": "Kerri",
    "student_last_name": "Woods",
    "course": 1,
    "teacher": []
  }
},
{
  "model": "academy.student",
  "pk": 20,
  "fields": {
    "student_first_name": "Anthony",
    "student_last_name": "Smith",
    "course": 6,
    "teacher": []
  }
},
{
  "model": "academy.student",
  "pk": 21,
  "fields": {
    "student_first_name": "Victoria",
    "student_last_name": "Wu",
    "course": 3,
    "teacher": []
  }
},
{
  "model": "academy.student",
  "pk": 22,
  "fields": {
    "student_first_name": "Breanna",
    "student_last_name": "Murray",
    "course": 3,
    "teacher": []
  }
},
{
  "model": "academy.student",
  "pk": 23,
  "fields": {
    "student_first_name": "Jamie",
    "student_last_name": "Pena",
    "course": 3,
    "teacher": []
  }
},
{
  "model": "academy.student",
  "pk": 24,
  "fields": {
    "student_first_name": "Martha",
    "student_last_name": "Lee",
    "course": 6,
    "teacher": []
  }
},
{
  "model": "academy.student",
  "pk": 25,
  "fields": {
    "student_first_name": "Michael",
    "student_last_name": "Hernandez",
    "course": 1,
    "teacher": []
  }
},
{
  "model": "academy.student",
  "pk": 26,
  "fields": {
    "student_first_name": "Katelyn",
    "student_last_name": "Martin",
    "course": 4,
    "teacher": []
  }
},
{
  "model": "academy.student",
  "pk": 27,
  "fields": {
    "student_first_name": "Chris",
    "student_last_name": "Murphy",
    "course": 2,
    "teacher": []
  }
},
{
  "model": "academy.student",
  "pk": 28,
  "fields": {
    "student_first_name": "Cynthia",
    "student_last_name": "Alvarado",
    "course": 1,
    "teacher": []
  }
},
{
  "model": "academy.student",
  "pk": 29,
  "fields": {
    "student_first_name": "Scott",
    "student_last_name": "Fleming",
    "course": 1,
    "teacher": []
  }
},
{
  "model": "academy.student",
  "pk": 30,
  "fields": {
    "student_first_name": "Bruce",
    "student_last_name": "Marshall",
    "course": 4,
    "teacher": []
  }
},
{
  "model": "academy.student",
  "pk": 31,
  "fields": {
    "student_first_name": "Savannah",
    "student_last_name": "Harris",
    "course": 4,
    "teacher": []
  }
},
{
  "model": "academy.student",
  "pk": 32,
  "fields": {
    "student_first_name": "Jose",
    "student_last_name": "Smith",
    "course": 6,
    "teacher": []
  }
},
{
  "model": "academy.student",
  "pk": 33,
  "fields": {
    "student_first_name": "Jill",
    "student_last_name": "Blankenship",
    "course": 2,
    "teacher": []
  }
},
{
  "model": "academy.student",
  "pk": 34,
  "fields": {
    "student_first_name": "Heather",
    "student_last_name": "Blanchard",
    "course": 3,
    "teacher": []
  }
},
{
  "model": "academy.student",
  "pk": 35,
  "fields": {
    "student_first_name": "Lori",
    "student_last_name": "Conner",
    "course": 4,
    "teacher": []
  }
},
{
  "model": "academy.student",
  "pk": 36,
  "fields": {
    "student_first_name": "Austin",
    "student_last_name": "Bowen",
    "course": 1,
    "teacher": []
  }
},
{
  "model": "academy.student",
  "pk": 37,
  "fields": {
    "student_first_name": "Matthew",
    "student_last_name": "Myers",
    "course": 2,
    "teacher": []
  }
},
{
  "model": "academy.student",
  "pk": 38,
  "fields": {
    "student_first_name": "Andrew",
    "student_last_name": "Patterson",
    "course": 5,
    "teacher": []
  }
},
{
  "model": "academy.student",
  "pk": 39,
  "fields": {
    "student_first_name": "Michelle",
    "student_last_name": "Ford",
    "course": 2,
    "teacher": []
  }
},
{
  "model": "academy.student",
  "pk": 40,
  "fields": {
    "student_first_name": "Wendy",
    "student_last_name": "Harvey",
    "course": 2,
    "teacher": []
  }
},
{
  "model": "academy.student",
  "pk": 41,
  "fields": {
    "student_first_name": "Dustin",
    "student_last_name": "Reed",
    "course": 6,
    "teacher": []
  }
},
{
  "model": "academy.student",
  "pk": 42,
  "fields": {
    "student_first_name": "Robert",
    "student_last_name": "Gomez",
    "course": 6,
    "teacher": []
  }
},
{
  "model": "academy.student",
  "pk": 43,
  "fields": {
    "student_first_name": "Billy",
    "student_last_name": "Payne",
    "course": 6,
    "teacher": []
  }
},
{
  "model": "academy.student",
  "pk": 44,
  "fields": {
    "student_first_name": "Michael",
    "student_last_name": "Pittman",
    "course": 3,
    "teacher": []
  }
},
{
  "model": "academy.student",
  "pk": 45,
  "fields": {
    "student_first_name": "Sherry",
    "student_last_name": "Roberson",
    "course": 2,
    "teacher": []
  }
},
{
  "model": "academy.student",
  "pk": 46,
  "fields": {
    "student_first_name": "Douglas",
    "student_last_name": "Henry",
    "course": 5,
    "teacher": []
  }
},
{
  "model": "academy.student",
  "pk": 47,
  "fields": {
    "student_first_name": "Amanda",
    "student_last_name": "Underwood",
    "course": 4,
    "teacher": []
  }
},
{
  "model": "academy.student",
  "pk": 48,
  "fields": {
    "student_first_name": "Angela",
    "student_last_name": "Williams",
    "course": 2,
    "teacher": []
  }
},
{
  "model": "academy.student",
  "pk": 49,
  "fields": {
    "student_first_name": "Tracy",
    "student_last_name": "Rose",
    "course": 6,
    "teacher": []
  }
},
{
  "model": "academy.student",
  "pk": 50,
  "fields": {
    "student_first_name": "Joshua",
    "student_last_name": "Long",
    "course": 6,
    "teacher": []
  }
},
{
  "model": "academy.student",
  "pk": 51,
  "fields": {
    "student_first_name": "Paul",
    "student_last_name": "Knapp",
    "course": 5,
    "teacher": []
  }
},
{
  "model": "academy.student",
  "pk": 52,
  "fields": {
    "student_first_name": "Tammy",
    "student_last_name": "Garcia",
    "course": 4,
    "teacher": []
  }
},
{
  "model": "academy.student",
  "pk": 53,
  "fields": {
    "student_first_name": "Wesley",
    "student_last_name": "Bowman",
    "course": 3,
    "teacher": []
  }
},
{
  "model": "academy.student",
  "pk": 54,
  "fields": {
    "student_first_name": "Matthew",
    "student_last_name": "Williams",
    "course": 6,
    "teacher": []
  }
},
{
  "model": "academy.student",
  "pk": 55,
  "fields": {
    "student_first_name": "Richard",
    "student_last_name": "Garcia",
    "course": 5,
    "teacher": []
  }
},
{
  "model": "academy.student",
  "pk": 56,
  "fields": {
    "student_first_name": "Troy",
    "student_last_name": "Johnson",
    "course": 4,
    "teacher": []
  }
},
{
  "model": "academy.student",
  "pk": 57,
  "fields": {
    "student_first_name": "Deborah",
    "student_last_name": "Pittman",
    "course": 3,
    "teacher": []
  }
},
{
  "model": "academy.student",
  "pk": 58,
  "fields": {
    "student_first_name": "Joseph",
    "student_last_name": "Ali",
    "course": 1,
    "teacher": []
  }
},
{
  "model": "academy.student",
  "pk": 59,
  "fields": {
    "student_first_name": "Deborah",
    "student_last_name": "Phillips",
    "course": 1,
    "teacher": []
  }
},
{
  "model": "academy.student",
  "pk": 60,
  "fields": {
    "student_first_name": "Michelle",
    "student_last_name": "Kelly",
    "course": 6,
    "teacher": []
  }
},
{
  "model": "academy.student",
  "pk": 61,
  "fields": {
    "student_first_name": "Chelsea",
    "student_last_name": "Jackson",
    "course": 4,
    "teacher": []
  }
},
{
  "model": "academy.student",
  "pk": 62,
  "fields": {
    "student_first_name": "Christopher",
    "student_last_name": "Cole",
    "course": 5,
    "teacher": []
  }
},
{
  "model": "academy.student",
  "pk": 63,
  "fields": {
    "student_first_name": "Kiara",
    "student_last_name": "Trujillo",
    "course": 3,
    "teacher": []
  }
},
{
  "model": "academy.student",
  "pk": 64,
  "fields": {
    "student_first_name": "Sheila",
    "student_last_name": "Hunter",
    "course": 6,
    "teacher": []
  }
},
{
  "model": "academy.student",
  "pk": 65,
  "fields": {
    "student_first_name": "Karen",
    "student_last_name": "Marshall",
    "course": 5,
    "teacher": []
  }
},
{
  "model": "academy.student",
  "pk": 66,
  "fields": {
    "student_first_name": "Carol",
    "student_last_name": "Anderson",
    "course": 3,
    "teacher": []
  }
},
{
  "model": "academy.student",
  "pk": 67,
  "fields": {
    "student_first_name": "Charles",
    "student_last_name": "Pacheco",
    "course": 3,
    "teacher": []
  }
},
{
  "model": "academy.student",
  "pk": 68,
  "fields": {
    "student_first_name": "Robert",
    "student_last_name": "Larson",
    "course": 6,
    "teacher": []
  }
},
{
  "model": "academy.student",
  "pk": 69,
  "fields": {
    "student_first_name": "Eric",
    "student_last_name": "Wood",
    "course": 1,
    "teacher": []
  }
},
{
  "model": "academy.student",
  "pk": 70,
  "fields": {
    "student_first_name": "Erin",
    "student_last_name": "Hunter",
    "course": 2,
    "teacher": []
  }
},
{
  "model": "academy.student",
  "pk": 71,
  "fields": {
    "student_first_name": "Darren",
    "student_last_name": "Robbins",
    "course": 3,
    "teacher": []
  }
},
{
  "model": "academy.student",
  "pk": 72,
  "fields": {
    "student_first_name": "Jeremy",
    "student_last_name": "Garrett",
    "course": 6,
    "teacher": []
  }
},
{
  "model": "academy.student",
  "pk": 73,
  "fields": {
    "student_first_name": "Karen",
    "student_last_name": "Mckay",
    "course": 2,
    "teacher": []
  }
},
{
  "model": "academy.student",
  "pk": 74,
  "fields": {
    "student_first_name": "William",
    "student_last_name": "King",
    "course": 4,
    "teacher": []
  }
},
{
  "model": "academy.student",
  "pk": 75,
  "fields": {
    "student_first_name": "Tammy",
    "student_last_name": "White",
    "course": 1,
    "teacher": []
  }
},
{
  "model": "academy.student",
  "pk": 76,
  "fields": {
    "student_first_name": "Sarah",
    "student_last_name": "Acosta",
    "course": 6,
    "teacher": []
  }
},
{
  "model": "academy.student",
  "pk": 77,
  "fields": {
    "student_first_name": "Wendy",
    "student_last_name": "Bridges",
    "course": 2,
    "teacher": []
  }
},
{
  "model": "academy.student",
  "pk": 78,
  "fields": {
    "student_first_name": "Erik",
    "student_last_name": "Lawson",
    "course": 4,
    "teacher": []
  }
},
{
  "model": "academy.student",
  "pk": 79,
  "fields": {
    "student_first_name": "Meghan",
    "student_last_name": "Brown",
    "course": 5,
    "teacher": []
  }
},
{
  "model": "academy.student",
  "pk": 80,
  "fields": {
    "student_first_name": "Thomas",
    "student_last_name": "White",
    "course": 2,
    "teacher": []
  }
},
{
  "model": "academy.student",
  "pk": 81,
  "fields": {
    "student_first_name": "Michelle",
    "student_last_name": "Robinson",
    "course": 3,
    "teacher": []
  }
},
{
  "model": "academy.student",
  "pk": 82,
  "fields": {
    "student_first_name": "Kimberly",
    "student_last_name": "Cox",
    "course": 4,
    "teacher": []
  }
},
{
  "model": "academy.student",
  "pk": 83,
  "fields": {
    "student_first_name": "Katie",
    "student_last_name": "Patel",
    "course": 1,
    "teacher": []
  }
},
{
  "model": "academy.student",
  "pk": 84,
  "fields": {
    "student_first_name": "Jennifer",
    "student_last_name": "Roberts",
    "course": 2,
    "teacher": []
  }
},
{
  "model": "academy.student",
  "pk": 85,
  "fields": {
    "student_first_name": "Elizabeth",
    "student_last_name": "Rodriguez",
    "course": 2,
    "teacher": []
  }
},
{
  "model": "academy.student",
  "pk": 86,
  "fields": {
    "student_first_name": "Tyler",
    "student_last_name": "Williams",
    "course": 2,
    "teacher": []
  }
},
{
  "model": "academy.student",
  "pk": 87,
  "fields": {
    "student_first_name": "Teresa",
    "student_last_name": "Garcia",
    "course": 2,
    "teacher": []
  }
},
{
  "model": "academy.student",
  "pk": 88,
  "fields": {
    "student_first_name": "Gabrielle",
    "student_last_name": "Freeman",
    "course": 6,
    "teacher": []
  }
},
{
  "model": "academy.student",
  "pk": 89,
  "fields": {
    "student_first_name": "Steven",
    "student_last_name": "Villanueva",
    "course": 4,
    "teacher": []
  }
},
{
  "model": "academy.student",
  "pk": 90,
  "fields": {
    "student_first_name": "Kimberly",
    "student_last_name": "Graham",
    "course": 1,
    "teacher": []
  }
},
{
  "model": "academy.student",
  "pk": 91,
  "fields": {
    "student_first_name": "Melissa",
    "student_last_name": "Armstrong",
    "course": 4,
    "teacher": []
  }
},
{
  "model": "academy.student",
  "pk": 92,
  "fields": {
    "student_first_name": "Melissa",
    "student_last_name": "Fleming",
    "course": 4,
    "teacher": []
  }
},
{
  "model": "academy.student",
  "pk": 93,
  "fields": {
    "student_first_name": "Karen",
    "student_last_name": "Castaneda",
    "course": 4,
    "teacher": []
  }
},
{
  "model": "academy.student",
  "pk": 94,
  "fields": {
    "student_first_name": "Sara",
    "student_last_name": "Branch",
    "course": 5,
    "teacher": []
  }
},
{
  "model": "academy.student",
  "pk": 95,
  "fields": {
    "student_first_name": "Darlene",
    "student_last_name": "Johnson",
    "course": 1,
    "teacher": []
  }
},
{
  "model": "academy.student",
  "pk": 96,
  "fields": {
    "student_first_name": "Corey",
    "student_last_name": "Torres",
    "course": 2,
    "teacher": []
  }
},
{
  "model": "academy.student",
  "pk": 97,
  "fields": {
    "student_first_name": "Troy",
    "student_last_name": "Jackson",
    "course": 5,
    "teacher": []
  }
},
{
  "model": "academy.student",
  "pk": 98,
  "fields": {
    "student_first_name": "Christopher",
    "student_last_name": "Mendez",
    "course": 6,
    "teacher": []
  }
},
{
  "model": "academy.student",
  "pk": 99,
  "fields": {
    "student_first_name": "Danny",
    "student_last_name": "Fuller",
    "course": 3,
    "teacher": []
  }
},
{
  "model": "academy.student",
  "pk": 100,
  "fields": {
    "student_first_name": "Douglas",
    "student_last_name": "Bond",
    "course": 6,
    "teacher": [
      23,
      28,
      31,
      47,
      52,
      55
    ]
  }
},
{
  "model": "academy.studentprofile",
  "pk": 1,
  "fields": {
    "some_student": 1,
    "hobby": "Football",
    "religion": "Christianity",
    "age": 20,
    "birth_date": "2003-07-07"
  }
},
{
  "model": "academy.studentprofile",
  "pk": 2,
  "fields": {
    "some_student": 2,
    "hobby": "Fishing",
    "religion": "Hinduism",
    "age": 21,
    "birth_date": "1926-01-25"
  }
},
{
  "model": "academy.studentprofile",
  "pk": 3,
  "fields": {
    "some_student": 5,
    "hobby": "Traveling",
    "religion": "Scientology",
    "age": 33,
    "birth_date": "1981-02-13"
  }
},
{
  "model": "academy.studentprofile",
  "pk": 4,
  "fields": {
    "some_student": 10,
    "hobby": "Running",
    "religion": "Buddhism",
    "age": 23,
    "birth_date": "2003-03-31"
  }
},
{
  "model": "academy.studentprofile",
  "pk": 5,
  "fields": {
    "some_student": 20,
    "hobby": "Bicycling",
    "religion": "Judaism",
    "age": 31,
    "birth_date": "1932-07-24"
  }
},
{
  "model": "academy.studentprofile",
  "pk": 6,
  "fields": {
    "some_student": 24,
    "hobby": "Writing",
    "religion": "Protestantism",
    "age": 32,
    "birth_date": "1994-04-05"
  }
},
{
  "model": "academy.studentprofile",
  "pk": 7,
  "fields": {
    "some_student": 99,
    "hobby": "Tennis",
    "religion": "Buddhism",
    "age": 31,
    "birth_date": "1921-12-16"
  }
},
{
  "model": "academy.subjects",
  "pk": 1,
  "fields": {
    "teacher_name": 38,
    "subject_name": "Spanish",
    "lecture_amount": 87,
    "lecture_duration": 3,
    "student_name": []
  }
},
{
  "model": "academy.subjects",
  "pk": 2,
  "fields": {
    "teacher_name": 67,
    "subject_name": "Economics",
    "lecture_amount": 48,
    "lecture_duration": 1,
    "student_name": []
  }
},
{
  "model": "academy.subjects",
  "pk": 3,
  "fields": {
    "teacher_name": 67,
    "subject_name": "French",
    "lecture_amount": 15,
    "lecture_duration": 3,
    "student_name": []
  }
},
{
  "model": "academy.subjects",
  "pk": 4,
  "fields": {
    "teacher_name": 98,
    "subject_name": "Latin",
    "lecture_amount": 44,
    "lecture_duration": 1,
    "student_name": []
  }
},
{
  "model": "academy.subjects",
  "pk": 5,
  "fields": {
    "teacher_name": 7,
    "subject_name": "Geometry",
    "lecture_amount": 83,
    "lecture_duration": 2,
    "student_name": []
  }
},
{
  "model": "academy.subjects",
  "pk": 6,
  "fields": {
    "teacher_name": 70,
    "subject_name": "Computer Science",
    "lecture_amount": 15,
    "lecture_duration": 3,
    "student_name": []
  }
},
{
  "model": "academy.subjects",
  "pk": 7,
  "fields": {
    "teacher_name": 13,
    "subject_name": "Latin",
    "lecture_amount": 30,
    "lecture_duration": 2,
    "student_name": []
  }
},
{
  "model": "academy.subjects",
  "pk": 8,
  "fields": {
    "teacher_name": 12,
    "subject_name": "Spanish",
    "lecture_amount": 85,
    "lecture_duration": 1,
    "student_name": []
  }
},
{
  "model": "academy.subjects",
  "pk": 9,
  "fields": {
    "teacher_name": 79,
    "subject_name": "Greek",
    "lecture_amount": 34,
    "lecture_duration": 3,
    "student_name": []
  }
},
{
  "model": "academy.subjects",
  "pk": 10,
  "fields": {
    "teacher_name": 62,
    "subject_name": "Geometry",
    "lecture_amount": 23,
    "lecture_duration": 2,
    "student_name": []
  }
},
{
  "model": "academy.subjects",
  "pk": 11,
  "fields": {
    "teacher_name": 99,
    "subject_name": "German",
    "lecture_amount": 14,
    "lecture_duration": 3,
    "student_name": []
  }
},
{
  "model": "academy.subjects",
  "pk": 12,
  "fields": {
    "teacher_name": 48,
    "subject_name": "Drama",
    "lecture_amount": 95,
    "lecture_duration": 1,
    "student_name": []
  }
},
{
  "model": "academy.subjects",
  "pk": 13,
  "fields": {
    "teacher_name": 16,
    "subject_name": "Algebra",
    "lecture_amount": 34,
    "lecture_duration": 1,
    "student_name": []
  }
},
{
  "model": "academy.subjects",
  "pk": 14,
  "fields": {
    "teacher_name": 13,
    "subject_name": "Art",
    "lecture_amount": 18,
    "lecture_duration": 2,
    "student_name": []
  }
},
{
  "model": "academy.subjects",
  "pk": 15,
  "fields": {
    "teacher_name": 91,
    "subject_name": "Greek",
    "lecture_amount": 88,
    "lecture_duration": 3,
    "student_name": []
  }
},
{
  "model": "academy.subjects",
  "pk": 16,
  "fields": {
    "teacher_name": 76,
    "subject_name": "Science",
    "lecture_amount": 46,
    "lecture_duration": 2,
    "student_name": []
  }
},
{
  "model": "academy.subjects",
  "pk": 17,
  "fields": {
    "teacher_name": 35,
    "subject_name": "Latin",
    "lecture_amount": 90,
    "lecture_duration": 2,
    "student_name": []
  }
},
{
  "model": "academy.subjects",
  "pk": 18,
  "fields": {
    "teacher_name": 98,
    "subject_name": "Mathematics",
    "lecture_amount": 3,
    "lecture_duration": 2,
    "student_name": []
  }
},
{
  "model": "academy.subjects",
  "pk": 19,
  "fields": {
    "teacher_name": 63,
    "subject_name": "History",
    "lecture_amount": 26,
    "lecture_duration": 3,
    "student_name": []
  }
},
{
  "model": "academy.subjects",
  "pk": 20,
  "fields": {
    "teacher_name": 27,
    "subject_name": "Drama",
    "lecture_amount": 17,
    "lecture_duration": 2,
    "student_name": []
  }
},
{
  "model": "academy.subjects",
  "pk": 21,
  "fields": {
    "teacher_name": 39,
    "subject_name": "Spanish",
    "lecture_amount": 68,
    "lecture_duration": 1,
    "student_name": []
  }
},
{
  "model": "academy.subjects",
  "pk": 22,
  "fields": {
    "teacher_name": 96,
    "subject_name": "Drama",
    "lecture_amount": 98,
    "lecture_duration": 3,
    "student_name": []
  }
},
{
  "model": "academy.subjects",
  "pk": 23,
  "fields": {
    "teacher_name": 60,
    "subject_name": "Computer Science",
    "lecture_amount": 73,
    "lecture_duration": 2,
    "student_name": []
  }
},
{
  "model": "academy.subjects",
  "pk": 24,
  "fields": {
    "teacher_name": 89,
    "subject_name": "Geography",
    "lecture_amount": 86,
    "lecture_duration": 1,
    "student_name": []
  }
},
{
  "model": "academy.subjects",
  "pk": 25,
  "fields": {
    "teacher_name": 83,
    "subject_name": "Greek",
    "lecture_amount": 2,
    "lecture_duration": 2,
    "student_name": []
  }
},
{
  "model": "academy.subjects",
  "pk": 26,
  "fields": {
    "teacher_name": 83,
    "subject_name": "Drama",
    "lecture_amount": 15,
    "lecture_duration": 3,
    "student_name": []
  }
},
{
  "model": "academy.subjects",
  "pk": 27,
  "fields": {
    "teacher_name": 3,
    "subject_name": "Economics",
    "lecture_amount": 19,
    "lecture_duration": 1,
    "student_name": []
  }
},
{
  "model": "academy.subjects",
  "pk": 28,
  "fields": {
    "teacher_name": 3,
    "subject_name": "Physical Education",
    "lecture_amount": 61,
    "lecture_duration": 1,
    "student_name": []
  }
},
{
  "model": "academy.subjects",
  "pk": 29,
  "fields": {
    "teacher_name": 63,
    "subject_name": "English",
    "lecture_amount": 42,
    "lecture_duration": 1,
    "student_name": []
  }
},
{
  "model": "academy.subjects",
  "pk": 30,
  "fields": {
    "teacher_name": 12,
    "subject_name": "Computer Science",
    "lecture_amount": 18,
    "lecture_duration": 3,
    "student_name": []
  }
},
{
  "model": "academy.subjects",
  "pk": 31,
  "fields": {
    "teacher_name": 78,
    "subject_name": "Drama",
    "lecture_amount": 50,
    "lecture_duration": 3,
    "student_name": []
  }
},
{
  "model": "academy.subjects",
  "pk": 32,
  "fields": {
    "teacher_name": 14,
    "subject_name": "Spanish",
    "lecture_amount": 16,
    "lecture_duration": 3,
    "student_name": []
  }
},
{
  "model": "academy.subjects",
  "pk": 33,
  "fields": {
    "teacher_name": 67,
    "subject_name": "Latin",
    "lecture_amount": 48,
    "lecture_duration": 1,
    "student_name": []
  }
},
{
  "model": "academy.subjects",
  "pk": 34,
  "fields": {
    "teacher_name": 88,
    "subject_name": "French",
    "lecture_amount": 37,
    "lecture_duration": 2,
    "student_name": []
  }
},
{
  "model": "academy.subjects",
  "pk": 35,
  "fields": {
    "teacher_name": 66,
    "subject_name": "History",
    "lecture_amount": 56,
    "lecture_duration": 1,
    "student_name": []
  }
},
{
  "model": "academy.subjects",
  "pk": 36,
  "fields": {
    "teacher_name": 69,
    "subject_name": "Geometry",
    "lecture_amount": 52,
    "lecture_duration": 3,
    "student_name": []
  }
},
{
  "model": "academy.subjects",
  "pk": 37,
  "fields": {
    "teacher_name": 77,
    "subject_name": "Physical Education",
    "lecture_amount": 63,
    "lecture_duration": 3,
    "student_name": []
  }
},
{
  "model": "academy.subjects",
  "pk": 38,
  "fields": {
    "teacher_name": 21,
    "subject_name": "Music",
    "lecture_amount": 47,
    "lecture_duration": 1,
    "student_name": []
  }
},
{
  "model": "academy.subjects",
  "pk": 39,
  "fields": {
    "teacher_name": 45,
    "subject_name": "Algebra",
    "lecture_amount": 53,
    "lecture_duration": 1,
    "student_name": []
  }
},
{
  "model": "academy.subjects",
  "pk": 40,
  "fields": {
    "teacher_name": 2,
    "subject_name": "Algebra",
    "lecture_amount": 33,
    "lecture_duration": 1,
    "student_name": []
  }
},
{
  "model": "academy.subjects",
  "pk": 41,
  "fields": {
    "teacher_name": 36,
    "subject_name": "Computer Science",
    "lecture_amount": 37,
    "lecture_duration": 1,
    "student_name": []
  }
},
{
  "model": "academy.subjects",
  "pk": 42,
  "fields": {
    "teacher_name": 34,
    "subject_name": "French",
    "lecture_amount": 50,
    "lecture_duration": 1,
    "student_name": []
  }
},
{
  "model": "academy.subjects",
  "pk": 43,
  "fields": {
    "teacher_name": 10,
    "subject_name": "French",
    "lecture_amount": 70,
    "lecture_duration": 3,
    "student_name": []
  }
},
{
  "model": "academy.subjects",
  "pk": 44,
  "fields": {
    "teacher_name": 44,
    "subject_name": "Physical Education",
    "lecture_amount": 57,
    "lecture_duration": 3,
    "student_name": []
  }
},
{
  "model": "academy.subjects",
  "pk": 45,
  "fields": {
    "teacher_name": 42,
    "subject_name": "History",
    "lecture_amount": 66,
    "lecture_duration": 3,
    "student_name": []
  }
},
{
  "model": "academy.subjects",
  "pk": 46,
  "fields": {
    "teacher_name": 76,
    "subject_name": "Art",
    "lecture_amount": 73,
    "lecture_duration": 3,
    "student_name": []
  }
},
{
  "model": "academy.subjects",
  "pk": 47,
  "fields": {
    "teacher_name": 12,
    "subject_name": "Computer Science",
    "lecture_amount": 9,
    "lecture_duration": 1,
    "student_name": []
  }
},
{
  "model": "academy.subjects",
  "pk": 48,
  "fields": {
    "teacher_name": 85,
    "subject_name": "Computer Science",
    "lecture_amount": 16,
    "lecture_duration": 1,
    "student_name": []
  }
},
{
  "model": "academy.subjects",
  "pk": 49,
  "fields": {
    "teacher_name": 27,
    "subject_name": "Geography",
    "lecture_amount": 9,
    "lecture_duration": 2,
    "student_name": []
  }
},
{
  "model": "academy.subjects",
  "pk": 50,
  "fields": {
    "teacher_name": 50,
    "subject_name": "Arabic",
    "lecture_amount": 9,
    "lecture_duration": 3,
    "student_name": []
  }
},
{
  "model": "academy.subjects",
  "pk": 51,
  "fields": {
    "teacher_name": 69,
    "subject_name": "Science",
    "lecture_amount": 79,
    "lecture_duration": 1,
    "student_name": []
  }
},
{
  "model": "academy.subjects",
  "pk": 52,
  "fields": {
    "teacher_name": 81,
    "subject_name": "Spanish",
    "lecture_amount": 4,
    "lecture_duration": 2,
    "student_name": []
  }
},
{
  "model": "academy.subjects",
  "pk": 53,
  "fields": {
    "teacher_name": 45,
    "subject_name": "Arabic",
    "lecture_amount": 7,
    "lecture_duration": 1,
    "student_name": []
  }
},
{
  "model": "academy.subjects",
  "pk": 54,
  "fields": {
    "teacher_name": 21,
    "subject_name": "Music",
    "lecture_amount": 26,
    "lecture_duration": 2,
    "student_name": []
  }
},
{
  "model": "academy.subjects",
  "pk": 55,
  "fields": {
    "teacher_name": 52,
    "subject_name": "Latin",
    "lecture_amount": 90,
    "lecture_duration": 2,
    "student_name": []
  }
},
{
  "model": "academy.subjects",
  "pk": 56,
  "fields": {
    "teacher_name": 90,
    "subject_name": "French",
    "lecture_amount": 14,
    "lecture_duration": 1,
    "student_name": []
  }
},
{
  "model": "academy.subjects",
  "pk": 57,
  "fields": {
    "teacher_name": 52,
    "subject_name": "Computer Science",
    "lecture_amount": 45,
    "lecture_duration": 1,
    "student_name": []
  }
},
{
  "model": "auth.user",
  "pk": 1,
  "fields": {
    "password": "pbkdf2_sha256$320000$EngRvnthoqeQQgUZicQswT$rxpqTzDPD1LYanhDfHTNtOHWvnoenGfYiDRDMksLbk8=",
    "last_login": "2023-07-07T09:02:30.854Z",
    "is_superuser": true,
    "username": "admin",
    "first_name": "",
    "last_name": "",
    "email": "as@as.as",
    "is_staff": true,
    "is_active": true,
    "date_joined": "2023-07-07T09:02:20.668Z",
    "groups": [],
    "user_permissions": []
  }
}
]
